[
{
  "model": "nums.numberpresentation",
  "pk": 57,
  "fields": {}
},
{
  "model": "polls.polldurationpresentation",
  "pk": 36,
  "fields": {
    "days_label": 31,
    "no_active_poll_label": 34,
    "_no_active_poll_redirect": 40
  }
},
{
  "model": "polls.pollresultspresentation",
  "pk": 40,
  "fields": {
    "in_previous_vote_label": 48,
    "_no_active_poll_redirect": 46
  }
},
{
  "model": "polls.askpollduration",
  "pk": 54,
  "fields": {}
},
{
  "model": "polls.askpolldurationconfirmation",
  "pk": 51,
  "fields": {
    "days_label": 49,
    "duration_correct_label": 43
  }
},
{
  "model": "polls.createpoll",
  "pk": 34,
  "fields": {}
},
{
  "model": "polls.confirmpollcreation",
  "pk": 55,
  "fields": {
    "days_label": 49
  }
},
{
  "model": "polls.endpoll",
  "pk": 44,
  "fields": {}
},
{
  "model": "service_development.voicelabel",
  "pk": 1,
  "fields": {
    "name": "Dutch language",
    "description": "Nederlandse taal"
  }
},
{
  "model": "service_development.voicelabel",
  "pk": 2,
  "fields": {
    "name": "General error message",
    "description": ""
  }
},
{
  "model": "service_development.voicelabel",
  "pk": 3,
  "fields": {
    "name": "This is the truth",
    "description": ""
  }
},
{
  "model": "service_development.voicelabel",
  "pk": 4,
  "fields": {
    "name": "English language",
    "description": ""
  }
},
{
  "model": "service_development.voicelabel",
  "pk": 5,
  "fields": {
    "name": "Thank you for using this service",
    "description": ""
  }
},
{
  "model": "service_development.voicelabel",
  "pk": 6,
  "fields": {
    "name": "Wow, it must be a really boring guy!",
    "description": ""
  }
},
{
  "model": "service_development.voicelabel",
  "pk": 7,
  "fields": {
    "name": "French language",
    "description": ""
  }
},
{
  "model": "service_development.voicelabel",
  "pk": 8,
  "fields": {
    "name": "Please select your language",
    "description": ""
  }
},
{
  "model": "service_development.voicelabel",
  "pk": 9,
  "fields": {
    "name": "Pre Choice Option",
    "description": null
  }
},
{
  "model": "service_development.voicelabel",
  "pk": 10,
  "fields": {
    "name": "Post Choice Option",
    "description": null
  }
},
{
  "model": "service_development.voicelabel",
  "pk": 11,
  "fields": {
    "name": "One",
    "description": null
  }
},
{
  "model": "service_development.voicelabel",
  "pk": 12,
  "fields": {
    "name": "Two",
    "description": null
  }
},
{
  "model": "service_development.voicelabel",
  "pk": 13,
  "fields": {
    "name": "Three",
    "description": null
  }
},
{
  "model": "service_development.voicelabel",
  "pk": 14,
  "fields": {
    "name": "Four",
    "description": null
  }
},
{
  "model": "service_development.voicelabel",
  "pk": 15,
  "fields": {
    "name": "Five",
    "description": null
  }
},
{
  "model": "service_development.voicelabel",
  "pk": 16,
  "fields": {
    "name": "Six",
    "description": null
  }
},
{
  "model": "service_development.voicelabel",
  "pk": 17,
  "fields": {
    "name": "Seven",
    "description": null
  }
},
{
  "model": "service_development.voicelabel",
  "pk": 18,
  "fields": {
    "name": "Eight",
    "description": null
  }
},
{
  "model": "service_development.voicelabel",
  "pk": 19,
  "fields": {
    "name": "Nine",
    "description": null
  }
},
{
  "model": "service_development.voicelabel",
  "pk": 20,
  "fields": {
    "name": "Zero",
    "description": null
  }
},
{
  "model": "service_development.voicelabel",
  "pk": 21,
  "fields": {
    "name": "Yes",
    "description": null
  }
},
{
  "model": "service_development.voicelabel",
  "pk": 22,
  "fields": {
    "name": "No",
    "description": null
  }
},
{
  "model": "service_development.voicelabel",
  "pk": 23,
  "fields": {
    "name": "Does the king like to drink beer?",
    "description": ""
  }
},
{
  "model": "service_development.voicelabel",
  "pk": 25,
  "fields": {
    "name": "Please speak your message",
    "description": ""
  }
},
{
  "model": "service_development.voicelabel",
  "pk": 29,
  "fields": {
    "name": "\"Welcome to the BipVote voting system.\"",
    "description": null
  }
},
{
  "model": "service_development.voicelabel",
  "pk": 30,
  "fields": {
    "name": "\"A vote is currently active and runs for\"",
    "description": null
  }
},
{
  "model": "service_development.voicelabel",
  "pk": 31,
  "fields": {
    "name": "more days",
    "description": null
  }
},
{
  "model": "service_development.voicelabel",
  "pk": 34,
  "fields": {
    "name": "vote inactive",
    "description": null
  }
},
{
  "model": "service_development.voicelabel",
  "pk": 36,
  "fields": {
    "name": "how long should the vote run?",
    "description": null
  }
},
{
  "model": "service_development.voicelabel",
  "pk": 37,
  "fields": {
    "name": "confirm duration",
    "description": null
  }
},
{
  "model": "service_development.voicelabel",
  "pk": 39,
  "fields": {
    "name": "Thanks for using bipvote. Goodbye",
    "description": null
  }
},
{
  "model": "service_development.voicelabel",
  "pk": 40,
  "fields": {
    "name": "Confirmation: your vote has ended",
    "description": null
  }
},
{
  "model": "service_development.voicelabel",
  "pk": 41,
  "fields": {
    "name": "Would you like to create a new vote?",
    "description": null
  }
},
{
  "model": "service_development.voicelabel",
  "pk": 42,
  "fields": {
    "name": "confirmation: you sure end current vote?",
    "description": null
  }
},
{
  "model": "service_development.voicelabel",
  "pk": 43,
  "fields": {
    "name": "Is this duration correct?",
    "description": null
  }
},
{
  "model": "service_development.voicelabel",
  "pk": 44,
  "fields": {
    "name": "choice: you can either hear results or cancel",
    "description": null
  }
},
{
  "model": "service_development.voicelabel",
  "pk": 45,
  "fields": {
    "name": "hearing the tentative results",
    "description": null
  }
},
{
  "model": "service_development.voicelabel",
  "pk": 46,
  "fields": {
    "name": "ending the current vote",
    "description": null
  }
},
{
  "model": "service_development.voicelabel",
  "pk": 47,
  "fields": {
    "name": "people voted for option",
    "description": null
  }
},
{
  "model": "service_development.voicelabel",
  "pk": 48,
  "fields": {
    "name": "in the previous vote",
    "description": null
  }
},
{
  "model": "service_development.voicelabel",
  "pk": 49,
  "fields": {
    "name": "days",
    "description": null
  }
},
{
  "model": "service_development.voicelabel",
  "pk": 50,
  "fields": {
    "name": "Vote created",
    "description": null
  }
},
{
  "model": "service_development.voicelabel",
  "pk": 51,
  "fields": {
    "name": "Bambara Language",
    "description": null
  }
},
{
  "model": "service_development.voicelabel",
  "pk": 52,
  "fields": {
    "name": "Eleven",
    "description": null
  }
},
{
  "model": "service_development.voicelabel",
  "pk": 53,
  "fields": {
    "name": "Twelve",
    "description": null
  }
},
{
  "model": "service_development.voicelabel",
  "pk": 54,
  "fields": {
    "name": "Thirteen",
    "description": null
  }
},
{
  "model": "service_development.voicelabel",
  "pk": 55,
  "fields": {
    "name": "Fourteen",
    "description": null
  }
},
{
  "model": "service_development.voicelabel",
  "pk": 56,
  "fields": {
    "name": "Fifteen",
    "description": null
  }
},
{
  "model": "service_development.voicelabel",
  "pk": 57,
  "fields": {
    "name": "Sixteen",
    "description": null
  }
},
{
  "model": "service_development.voicelabel",
  "pk": 58,
  "fields": {
    "name": "Seventeen",
    "description": null
  }
},
{
  "model": "service_development.voicelabel",
  "pk": 59,
  "fields": {
    "name": "Eighteen",
    "description": null
  }
},
{
  "model": "service_development.voicelabel",
  "pk": 60,
  "fields": {
    "name": "Nineteen",
    "description": null
  }
},
{
  "model": "service_development.voicelabel",
  "pk": 61,
  "fields": {
    "name": "Twenty",
    "description": null
  }
},
{
  "model": "service_development.voicelabel",
  "pk": 62,
  "fields": {
    "name": "Thirty",
    "description": null
  }
},
{
  "model": "service_development.voicelabel",
  "pk": 63,
  "fields": {
    "name": "Forty",
    "description": null
  }
},
{
  "model": "service_development.voicelabel",
  "pk": 64,
  "fields": {
    "name": "Fifty",
    "description": null
  }
},
{
  "model": "service_development.voicelabel",
  "pk": 65,
  "fields": {
    "name": "Sixty",
    "description": null
  }
},
{
  "model": "service_development.voicelabel",
  "pk": 66,
  "fields": {
    "name": "Seventy",
    "description": null
  }
},
{
  "model": "service_development.voicelabel",
  "pk": 67,
  "fields": {
    "name": "Eighty",
    "description": null
  }
},
{
  "model": "service_development.voicelabel",
  "pk": 68,
  "fields": {
    "name": "Ninety",
    "description": null
  }
},
{
  "model": "service_development.voicelabel",
  "pk": 69,
  "fields": {
    "name": "Hundred",
    "description": null
  }
},
{
  "model": "service_development.voicelabel",
  "pk": 70,
  "fields": {
    "name": "Thousand",
    "description": null
  }
},
{
  "model": "service_development.voicelabel",
  "pk": 71,
  "fields": {
    "name": "And (number)",
    "description": null
  }
},
{
  "model": "service_development.voicelabel",
  "pk": 72,
  "fields": {
    "name": "Comma (number)",
    "description": null
  }
},
{
  "model": "service_development.voicelabel",
  "pk": 73,
  "fields": {
    "name": "Hundreds",
    "description": null
  }
},
{
  "model": "service_development.voicelabel",
  "pk": 74,
  "fields": {
    "name": "Tens",
    "description": null
  }
},
{
  "model": "service_development.voicelabel",
  "pk": 75,
  "fields": {
    "name": "Thousands",
    "description": null
  }
},
{
  "model": "service_development.voicelabel",
  "pk": 76,
  "fields": {
    "name": "Ten",
    "description": null
  }
},
{
  "model": "service_development.language",
  "pk": 1,
  "fields": {
    "name": "Nederlands",
    "code": "nl",
    "voice_label": 1,
    "error_message": 2,
    "select_language": 8,
    "pre_choice_option": 9,
    "post_choice_option": 10,
    "zero": 20,
    "one": 11,
    "two": 12,
    "three": 13,
    "four": 14,
    "five": 15,
    "six": 16,
    "seven": 17,
    "eight": 18,
    "nine": 19,
    "ten": null,
    "eleven": null,
    "twelve": null,
    "thirteen": null,
    "fourteen": null,
    "fifteen": null,
    "sixteen": null,
    "seventeen": null,
    "eighteen": null,
    "nineteen": null,
    "twenty": null,
    "thirty": null,
    "fourty": null,
    "fifty": null,
    "sixty": null,
    "seventy": null,
    "eighty": null,
    "ninety": null,
    "hundred": null,
    "thousand": null,
    "andsep": null,
    "commasep": null,
    "tens": null,
    "hundreds": null,
    "thousands": null
  }
},
{
  "model": "service_development.language",
  "pk": 2,
  "fields": {
    "name": "English",
    "code": "en",
    "voice_label": 4,
    "error_message": 2,
    "select_language": 8,
    "pre_choice_option": 9,
    "post_choice_option": 10,
    "zero": 20,
    "one": 11,
    "two": 12,
    "three": 13,
    "four": 14,
    "five": 15,
    "six": 16,
    "seven": 17,
    "eight": 18,
    "nine": 19,
    "ten": 76,
    "eleven": 52,
    "twelve": 53,
    "thirteen": 54,
    "fourteen": 55,
    "fifteen": 56,
    "sixteen": 57,
    "seventeen": 58,
    "eighteen": 59,
    "nineteen": 60,
    "twenty": 61,
    "thirty": 62,
    "fourty": 63,
    "fifty": 64,
    "sixty": 65,
    "seventy": 66,
    "eighty": 67,
    "ninety": 68,
    "hundred": 69,
    "thousand": 70,
    "andsep": 71,
    "commasep": 72,
    "tens": null,
    "hundreds": null,
    "thousands": null
  }
},
{
  "model": "service_development.language",
  "pk": 3,
  "fields": {
    "name": "Francais",
    "code": "fr",
    "voice_label": 7,
    "error_message": 2,
    "select_language": 8,
    "pre_choice_option": 9,
    "post_choice_option": 10,
    "zero": 20,
    "one": 11,
    "two": 12,
    "three": 13,
    "four": 14,
    "five": 15,
    "six": 16,
    "seven": 17,
    "eight": 18,
    "nine": 19,
    "ten": 76,
    "eleven": 52,
    "twelve": 53,
    "thirteen": 54,
    "fourteen": 55,
    "fifteen": 56,
    "sixteen": 57,
    "seventeen": null,
    "eighteen": null,
    "nineteen": null,
    "twenty": 61,
    "thirty": 62,
    "fourty": 63,
    "fifty": 64,
    "sixty": 65,
    "seventy": null,
    "eighty": 67,
    "ninety": null,
    "hundred": 69,
    "thousand": 70,
    "andsep": 71,
    "commasep": 72,
    "tens": null,
    "hundreds": 73,
    "thousands": null
  }
},
{
  "model": "service_development.language",
  "pk": 4,
  "fields": {
    "name": "Bambara",
    "code": "bm",
    "voice_label": 51,
    "error_message": 2,
    "select_language": 8,
    "pre_choice_option": 9,
    "post_choice_option": 10,
    "zero": 20,
    "one": 11,
    "two": 12,
    "three": 13,
    "four": 14,
    "five": 15,
    "six": 16,
    "seven": 17,
    "eight": 18,
    "nine": 19,
    "ten": 76,
    "eleven": null,
    "twelve": null,
    "thirteen": null,
    "fourteen": null,
    "fifteen": null,
    "sixteen": null,
    "seventeen": null,
    "eighteen": null,
    "nineteen": null,
    "twenty": 61,
    "thirty": null,
    "fourty": null,
    "fifty": null,
    "sixty": null,
    "seventy": null,
    "eighty": null,
    "ninety": null,
    "hundred": 69,
    "thousand": 70,
    "andsep": 71,
    "commasep": null,
    "tens": 74,
    "hundreds": 73,
    "thousands": 75
  }
},
{
  "model": "service_development.voicefragment",
  "pk": 1,
  "fields": {
    "parent": 6,
    "language": 2,
    "audio": "boring_guy_en.wav"
  }
},
{
  "model": "service_development.voicefragment",
  "pk": 2,
  "fields": {
    "parent": 6,
    "language": 1,
    "audio": "boring_guy_nl.wav"
  }
},
{
  "model": "service_development.voicefragment",
  "pk": 6,
  "fields": {
    "parent": 22,
    "language": 1,
    "audio": "no_nl.wav"
  }
},
{
  "model": "service_development.voicefragment",
  "pk": 7,
  "fields": {
    "parent": 22,
    "language": 2,
    "audio": "no_en_cd4S5hV.wav"
  }
},
{
  "model": "service_development.voicefragment",
  "pk": 8,
  "fields": {
    "parent": 22,
    "language": 3,
    "audio": "no_fr.wav"
  }
},
{
  "model": "service_development.voicefragment",
  "pk": 9,
  "fields": {
    "parent": 21,
    "language": 1,
    "audio": "yes_nl.wav"
  }
},
{
  "model": "service_development.voicefragment",
  "pk": 10,
  "fields": {
    "parent": 21,
    "language": 2,
    "audio": "yes_en_nJEtGsT.wav"
  }
},
{
  "model": "service_development.voicefragment",
  "pk": 11,
  "fields": {
    "parent": 21,
    "language": 3,
    "audio": "yes_fr.wav"
  }
},
{
  "model": "service_development.voicefragment",
  "pk": 12,
  "fields": {
    "parent": 20,
    "language": 1,
    "audio": "0_nl.wav"
  }
},
{
  "model": "service_development.voicefragment",
  "pk": 13,
  "fields": {
    "parent": 20,
    "language": 2,
    "audio": "0_en_s9gbtaW.wav"
  }
},
{
  "model": "service_development.voicefragment",
  "pk": 14,
  "fields": {
    "parent": 20,
    "language": 3,
    "audio": "0_fr.wav"
  }
},
{
  "model": "service_development.voicefragment",
  "pk": 15,
  "fields": {
    "parent": 19,
    "language": 1,
    "audio": "9_nl.wav"
  }
},
{
  "model": "service_development.voicefragment",
  "pk": 16,
  "fields": {
    "parent": 19,
    "language": 2,
    "audio": "9_en_AXQebSv.wav"
  }
},
{
  "model": "service_development.voicefragment",
  "pk": 17,
  "fields": {
    "parent": 19,
    "language": 3,
    "audio": "9_en.wav"
  }
},
{
  "model": "service_development.voicefragment",
  "pk": 18,
  "fields": {
    "parent": 18,
    "language": 1,
    "audio": "8_nl.wav"
  }
},
{
  "model": "service_development.voicefragment",
  "pk": 19,
  "fields": {
    "parent": 18,
    "language": 2,
    "audio": "8_en_QfvWX7M.wav"
  }
},
{
  "model": "service_development.voicefragment",
  "pk": 20,
  "fields": {
    "parent": 18,
    "language": 3,
    "audio": "8_fr.wav"
  }
},
{
  "model": "service_development.voicefragment",
  "pk": 21,
  "fields": {
    "parent": 17,
    "language": 1,
    "audio": "7_nl.wav"
  }
},
{
  "model": "service_development.voicefragment",
  "pk": 22,
  "fields": {
    "parent": 17,
    "language": 2,
    "audio": "7_en_amBB90M.wav"
  }
},
{
  "model": "service_development.voicefragment",
  "pk": 23,
  "fields": {
    "parent": 17,
    "language": 3,
    "audio": "7_fr.wav"
  }
},
{
  "model": "service_development.voicefragment",
  "pk": 24,
  "fields": {
    "parent": 16,
    "language": 1,
    "audio": "6_nl.wav"
  }
},
{
  "model": "service_development.voicefragment",
  "pk": 25,
  "fields": {
    "parent": 16,
    "language": 2,
    "audio": "6_en_P7MpD2b.wav"
  }
},
{
  "model": "service_development.voicefragment",
  "pk": 26,
  "fields": {
    "parent": 16,
    "language": 3,
    "audio": "6_fr.wav"
  }
},
{
  "model": "service_development.voicefragment",
  "pk": 27,
  "fields": {
    "parent": 15,
    "language": 1,
    "audio": "5_nl.wav"
  }
},
{
  "model": "service_development.voicefragment",
  "pk": 28,
  "fields": {
    "parent": 15,
    "language": 2,
    "audio": "5_en_6nEddEC.wav"
  }
},
{
  "model": "service_development.voicefragment",
  "pk": 29,
  "fields": {
    "parent": 15,
    "language": 3,
    "audio": "5_fr.wav"
  }
},
{
  "model": "service_development.voicefragment",
  "pk": 30,
  "fields": {
    "parent": 14,
    "language": 1,
    "audio": "4_nl.wav"
  }
},
{
  "model": "service_development.voicefragment",
  "pk": 31,
  "fields": {
    "parent": 14,
    "language": 2,
    "audio": "4_en_3bshN1h.wav"
  }
},
{
  "model": "service_development.voicefragment",
  "pk": 32,
  "fields": {
    "parent": 14,
    "language": 3,
    "audio": "4_en.wav"
  }
},
{
  "model": "service_development.voicefragment",
  "pk": 33,
  "fields": {
    "parent": 13,
    "language": 1,
    "audio": "3_nl.wav"
  }
},
{
  "model": "service_development.voicefragment",
  "pk": 34,
  "fields": {
    "parent": 13,
    "language": 2,
    "audio": "3_en_4U7MNJK.wav"
  }
},
{
  "model": "service_development.voicefragment",
  "pk": 35,
  "fields": {
    "parent": 13,
    "language": 3,
    "audio": "3_fr.wav"
  }
},
{
  "model": "service_development.voicefragment",
  "pk": 36,
  "fields": {
    "parent": 12,
    "language": 1,
    "audio": "2_nl.wav"
  }
},
{
  "model": "service_development.voicefragment",
  "pk": 37,
  "fields": {
    "parent": 12,
    "language": 2,
    "audio": "2_en_B6H6YSe.wav"
  }
},
{
  "model": "service_development.voicefragment",
  "pk": 38,
  "fields": {
    "parent": 12,
    "language": 3,
    "audio": "2_fr.wav"
  }
},
{
  "model": "service_development.voicefragment",
  "pk": 39,
  "fields": {
    "parent": 11,
    "language": 1,
    "audio": "1_nl.wav"
  }
},
{
  "model": "service_development.voicefragment",
  "pk": 40,
  "fields": {
    "parent": 11,
    "language": 2,
    "audio": "1_en_RjKz6wN.wav"
  }
},
{
  "model": "service_development.voicefragment",
  "pk": 41,
  "fields": {
    "parent": 11,
    "language": 3,
    "audio": "1_fr.wav"
  }
},
{
  "model": "service_development.voicefragment",
  "pk": 42,
  "fields": {
    "parent": 10,
    "language": 1,
    "audio": "post_choice_option_nl.wav"
  }
},
{
  "model": "service_development.voicefragment",
  "pk": 43,
  "fields": {
    "parent": 10,
    "language": 2,
    "audio": "press_en.wav"
  }
},
{
  "model": "service_development.voicefragment",
  "pk": 44,
  "fields": {
    "parent": 10,
    "language": 3,
    "audio": "post_choice_option_fr.wav"
  }
},
{
  "model": "service_development.voicefragment",
  "pk": 45,
  "fields": {
    "parent": 9,
    "language": 1,
    "audio": "pre_choice_option_nl.wav"
  }
},
{
  "model": "service_development.voicefragment",
  "pk": 46,
  "fields": {
    "parent": 9,
    "language": 2,
    "audio": "to_select_en.wav"
  }
},
{
  "model": "service_development.voicefragment",
  "pk": 47,
  "fields": {
    "parent": 9,
    "language": 3,
    "audio": "pre_choice_option_fr.wav"
  }
},
{
  "model": "service_development.voicefragment",
  "pk": 48,
  "fields": {
    "parent": 8,
    "language": 1,
    "audio": "select_language_nl.wav"
  }
},
{
  "model": "service_development.voicefragment",
  "pk": 49,
  "fields": {
    "parent": 8,
    "language": 2,
    "audio": "select_language_en.wav"
  }
},
{
  "model": "service_development.voicefragment",
  "pk": 50,
  "fields": {
    "parent": 8,
    "language": 3,
    "audio": "select_language_fr.wav"
  }
},
{
  "model": "service_development.voicefragment",
  "pk": 51,
  "fields": {
    "parent": 7,
    "language": 1,
    "audio": "french_nl.wav"
  }
},
{
  "model": "service_development.voicefragment",
  "pk": 52,
  "fields": {
    "parent": 7,
    "language": 2,
    "audio": "french_en.wav"
  }
},
{
  "model": "service_development.voicefragment",
  "pk": 53,
  "fields": {
    "parent": 7,
    "language": 3,
    "audio": "french_fr.wav"
  }
},
{
  "model": "service_development.voicefragment",
  "pk": 54,
  "fields": {
    "parent": 6,
    "language": 3,
    "audio": "boring_guy_fr.wav"
  }
},
{
  "model": "service_development.voicefragment",
  "pk": 55,
  "fields": {
    "parent": 5,
    "language": 1,
    "audio": "thank_you_for_using_nl.wav"
  }
},
{
  "model": "service_development.voicefragment",
  "pk": 56,
  "fields": {
    "parent": 5,
    "language": 2,
    "audio": "thank_you_for_using_en.wav"
  }
},
{
  "model": "service_development.voicefragment",
  "pk": 57,
  "fields": {
    "parent": 5,
    "language": 3,
    "audio": "thank_you_for_using_fr.wav"
  }
},
{
  "model": "service_development.voicefragment",
  "pk": 58,
  "fields": {
    "parent": 4,
    "language": 1,
    "audio": "english_nl.wav"
  }
},
{
  "model": "service_development.voicefragment",
  "pk": 59,
  "fields": {
    "parent": 4,
    "language": 2,
    "audio": "english_en.wav"
  }
},
{
  "model": "service_development.voicefragment",
  "pk": 60,
  "fields": {
    "parent": 4,
    "language": 3,
    "audio": "english_fr.wav"
  }
},
{
  "model": "service_development.voicefragment",
  "pk": 61,
  "fields": {
    "parent": 3,
    "language": 1,
    "audio": "truth_nl.wav"
  }
},
{
  "model": "service_development.voicefragment",
  "pk": 62,
  "fields": {
    "parent": 3,
    "language": 2,
    "audio": "truth_en.wav"
  }
},
{
  "model": "service_development.voicefragment",
  "pk": 63,
  "fields": {
    "parent": 3,
    "language": 3,
    "audio": "truth_fr.wav"
  }
},
{
  "model": "service_development.voicefragment",
  "pk": 64,
  "fields": {
    "parent": 2,
    "language": 1,
    "audio": "error_nl.wav"
  }
},
{
  "model": "service_development.voicefragment",
  "pk": 65,
  "fields": {
    "parent": 2,
    "language": 2,
    "audio": "error_en.wav"
  }
},
{
  "model": "service_development.voicefragment",
  "pk": 66,
  "fields": {
    "parent": 2,
    "language": 3,
    "audio": "error_fr.wav"
  }
},
{
  "model": "service_development.voicefragment",
  "pk": 67,
  "fields": {
    "parent": 1,
    "language": 1,
    "audio": "dutch_nl.wav"
  }
},
{
  "model": "service_development.voicefragment",
  "pk": 68,
  "fields": {
    "parent": 1,
    "language": 2,
    "audio": "dutch_en.wav"
  }
},
{
  "model": "service_development.voicefragment",
  "pk": 69,
  "fields": {
    "parent": 1,
    "language": 3,
    "audio": "dutch_fr.wav"
  }
},
{
  "model": "service_development.voicefragment",
  "pk": 70,
  "fields": {
    "parent": 23,
    "language": 1,
    "audio": "king_question_nl.wav"
  }
},
{
  "model": "service_development.voicefragment",
  "pk": 71,
  "fields": {
    "parent": 23,
    "language": 2,
    "audio": "king_question_en.wav"
  }
},
{
  "model": "service_development.voicefragment",
  "pk": 72,
  "fields": {
    "parent": 23,
    "language": 3,
    "audio": "king_question_fr.wav"
  }
},
{
  "model": "service_development.voicefragment",
  "pk": 74,
  "fields": {
    "parent": 25,
    "language": 3,
    "audio": "speakYourMessage.wav"
  }
},
{
  "model": "service_development.voicefragment",
  "pk": 81,
  "fields": {
    "parent": 29,
    "language": 2,
    "audio": "001_en_JWiDPYi.wav"
  }
},
{
  "model": "service_development.voicefragment",
  "pk": 82,
  "fields": {
    "parent": 29,
    "language": 3,
    "audio": "001_fr.wav"
  }
},
{
  "model": "service_development.voicefragment",
  "pk": 83,
  "fields": {
    "parent": 30,
    "language": 2,
    "audio": "002_en.wav"
  }
},
{
  "model": "service_development.voicefragment",
  "pk": 84,
  "fields": {
    "parent": 30,
    "language": 3,
    "audio": "002_fr.wav"
  }
},
{
  "model": "service_development.voicefragment",
  "pk": 85,
  "fields": {
    "parent": 31,
    "language": 2,
    "audio": "003_en_MBVGRMH.wav"
  }
},
{
  "model": "service_development.voicefragment",
  "pk": 86,
  "fields": {
    "parent": 31,
    "language": 3,
    "audio": "003_en_tAls6ns.wav"
  }
},
{
  "model": "service_development.voicefragment",
  "pk": 91,
  "fields": {
    "parent": 34,
    "language": 2,
    "audio": "012_en.wav"
  }
},
{
  "model": "service_development.voicefragment",
  "pk": 92,
  "fields": {
    "parent": 34,
    "language": 3,
    "audio": "012_fr.wav"
  }
},
{
  "model": "service_development.voicefragment",
  "pk": 95,
  "fields": {
    "parent": 36,
    "language": 2,
    "audio": "016_en_MsUe2M7.wav"
  }
},
{
  "model": "service_development.voicefragment",
  "pk": 96,
  "fields": {
    "parent": 36,
    "language": 3,
    "audio": "016_fr_sJbrMr3.wav"
  }
},
{
  "model": "service_development.voicefragment",
  "pk": 97,
  "fields": {
    "parent": 37,
    "language": 2,
    "audio": "017_en.wav"
  }
},
{
  "model": "service_development.voicefragment",
  "pk": 98,
  "fields": {
    "parent": 37,
    "language": 3,
    "audio": "017_fr.wav"
  }
},
{
  "model": "service_development.voicefragment",
  "pk": 101,
  "fields": {
    "parent": 39,
    "language": 2,
    "audio": "022_en.wav"
  }
},
{
  "model": "service_development.voicefragment",
  "pk": 102,
  "fields": {
    "parent": 39,
    "language": 3,
    "audio": "022_fr.wav"
  }
},
{
  "model": "service_development.voicefragment",
  "pk": 103,
  "fields": {
    "parent": 40,
    "language": 2,
    "audio": "011_en.wav"
  }
},
{
  "model": "service_development.voicefragment",
  "pk": 104,
  "fields": {
    "parent": 40,
    "language": 3,
    "audio": "011_fr.wav"
  }
},
{
  "model": "service_development.voicefragment",
  "pk": 105,
  "fields": {
    "parent": 41,
    "language": 2,
    "audio": "0151_en.wav"
  }
},
{
  "model": "service_development.voicefragment",
  "pk": 106,
  "fields": {
    "parent": 41,
    "language": 3,
    "audio": "0151_fr.wav"
  }
},
{
  "model": "service_development.voicefragment",
  "pk": 107,
  "fields": {
    "parent": 42,
    "language": 2,
    "audio": "008_en.wav"
  }
},
{
  "model": "service_development.voicefragment",
  "pk": 108,
  "fields": {
    "parent": 42,
    "language": 3,
    "audio": "008_fr.wav"
  }
},
{
  "model": "service_development.voicefragment",
  "pk": 109,
  "fields": {
    "parent": 43,
    "language": 2,
    "audio": "019_en.wav"
  }
},
{
  "model": "service_development.voicefragment",
  "pk": 110,
  "fields": {
    "parent": 43,
    "language": 3,
    "audio": "019_en_alfO9tH.wav"
  }
},
{
  "model": "service_development.voicefragment",
  "pk": 111,
  "fields": {
    "parent": 44,
    "language": 2,
    "audio": "0031_en.wav"
  }
},
{
  "model": "service_development.voicefragment",
  "pk": 112,
  "fields": {
    "parent": 44,
    "language": 3,
    "audio": "0031_fr.wav"
  }
},
{
  "model": "service_development.voicefragment",
  "pk": 113,
  "fields": {
    "parent": 45,
    "language": 2,
    "audio": "004_en.wav"
  }
},
{
  "model": "service_development.voicefragment",
  "pk": 114,
  "fields": {
    "parent": 45,
    "language": 3,
    "audio": "004_fr.wav"
  }
},
{
  "model": "service_development.voicefragment",
  "pk": 115,
  "fields": {
    "parent": 46,
    "language": 2,
    "audio": "007_en.wav"
  }
},
{
  "model": "service_development.voicefragment",
  "pk": 116,
  "fields": {
    "parent": 46,
    "language": 3,
    "audio": "007_fr.wav"
  }
},
{
  "model": "service_development.voicefragment",
  "pk": 117,
  "fields": {
    "parent": 47,
    "language": 2,
    "audio": "0061_en.wav"
  }
},
{
  "model": "service_development.voicefragment",
  "pk": 118,
  "fields": {
    "parent": 47,
    "language": 3,
    "audio": "0061_fr.wav"
  }
},
{
  "model": "service_development.voicefragment",
  "pk": 119,
  "fields": {
    "parent": 48,
    "language": 2,
    "audio": "013_en.wav"
  }
},
{
  "model": "service_development.voicefragment",
  "pk": 120,
  "fields": {
    "parent": 48,
    "language": 3,
    "audio": "013_fr.wav"
  }
},
{
  "model": "service_development.voicefragment",
  "pk": 121,
  "fields": {
    "parent": 49,
    "language": 2,
    "audio": "018_en.wav"
  }
},
{
  "model": "service_development.voicefragment",
  "pk": 122,
  "fields": {
    "parent": 49,
    "language": 3,
    "audio": "018_fr.wav"
  }
},
{
  "model": "service_development.voicefragment",
  "pk": 123,
  "fields": {
    "parent": 50,
    "language": 2,
    "audio": "021_en.wav"
  }
},
{
  "model": "service_development.voicefragment",
  "pk": 124,
  "fields": {
    "parent": 50,
    "language": 3,
    "audio": "021_fr.wav"
  }
},
{
  "model": "service_development.voiceservicesubelement",
  "pk": 34,
  "fields": {
    "service": 3,
    "creation_date": "2018-05-12T15:18:59.144Z",
    "modification_date": "2018-05-19T12:44:55.871Z",
    "name": "Create vote [U]",
    "description": "",
    "voice_label": 11
  }
},
{
  "model": "service_development.voiceservicesubelement",
  "pk": 35,
  "fields": {
    "service": 3,
    "creation_date": "2018-05-18T09:11:15.597Z",
    "modification_date": "2018-05-18T15:35:02.998Z",
    "name": "Welcome to BipVote [U]",
    "description": "",
    "voice_label": 29
  }
},
{
  "model": "service_development.voiceservicesubelement",
  "pk": 36,
  "fields": {
    "service": 3,
    "creation_date": "2018-05-18T09:33:38.979Z",
    "modification_date": "2018-05-19T13:55:59.471Z",
    "name": "Present the remaining time [U]",
    "description": "",
    "voice_label": 30
  }
},
{
  "model": "service_development.voiceservicesubelement",
  "pk": 37,
  "fields": {
    "service": 3,
    "creation_date": "2018-05-18T09:43:43.916Z",
    "modification_date": "2018-05-18T10:54:35.065Z",
    "name": "Vote results or end vote? [U]",
    "description": "",
    "voice_label": 44
  }
},
{
  "model": "service_development.voiceservicesubelement",
  "pk": 38,
  "fields": {
    "service": 3,
    "creation_date": "2018-05-18T09:45:08.507Z",
    "modification_date": "2018-05-18T10:43:20.752Z",
    "name": "show tentative results",
    "description": "",
    "voice_label": 45
  }
},
{
  "model": "service_development.voiceservicesubelement",
  "pk": 39,
  "fields": {
    "service": 3,
    "creation_date": "2018-05-18T09:45:08.508Z",
    "modification_date": "2018-05-18T10:54:35.068Z",
    "name": "end vote",
    "description": "",
    "voice_label": 46
  }
},
{
  "model": "service_development.voiceservicesubelement",
  "pk": 40,
  "fields": {
    "service": 3,
    "creation_date": "2018-05-18T10:42:10.914Z",
    "modification_date": "2018-05-18T15:32:48.498Z",
    "name": "Vote results [U]",
    "description": "",
    "voice_label": 47
  }
},
{
  "model": "service_development.voiceservicesubelement",
  "pk": 41,
  "fields": {
    "service": 3,
    "creation_date": "2018-05-18T10:46:05.699Z",
    "modification_date": "2018-05-18T13:51:05.202Z",
    "name": "End vote? [U]",
    "description": "",
    "voice_label": 42
  }
},
{
  "model": "service_development.voiceservicesubelement",
  "pk": 42,
  "fields": {
    "service": 3,
    "creation_date": "2018-05-18T10:46:05.702Z",
    "modification_date": "2018-05-18T10:53:54.228Z",
    "name": "yes",
    "description": "",
    "voice_label": 21
  }
},
{
  "model": "service_development.voiceservicesubelement",
  "pk": 43,
  "fields": {
    "service": 3,
    "creation_date": "2018-05-18T10:46:05.703Z",
    "modification_date": "2018-05-18T10:53:54.229Z",
    "name": "no",
    "description": "",
    "voice_label": 22
  }
},
{
  "model": "service_development.voiceservicesubelement",
  "pk": 44,
  "fields": {
    "service": 3,
    "creation_date": "2018-05-18T10:47:31.389Z",
    "modification_date": "2018-05-18T18:41:47.765Z",
    "name": "End vote [U]",
    "description": "",
    "voice_label": 11
  }
},
{
  "model": "service_development.voiceservicesubelement",
  "pk": 45,
  "fields": {
    "service": 3,
    "creation_date": "2018-05-18T10:50:15.915Z",
    "modification_date": "2018-05-18T18:42:31.360Z",
    "name": "Vote ended confirmation [U]",
    "description": "",
    "voice_label": 40
  }
},
{
  "model": "service_development.voiceservicesubelement",
  "pk": 46,
  "fields": {
    "service": 3,
    "creation_date": "2018-05-18T13:52:08.585Z",
    "modification_date": "2018-05-18T15:18:44.438Z",
    "name": "Start new vote? [U]",
    "description": "",
    "voice_label": 41
  }
},
{
  "model": "service_development.voiceservicesubelement",
  "pk": 47,
  "fields": {
    "service": 3,
    "creation_date": "2018-05-18T13:52:08.588Z",
    "modification_date": "2018-05-18T15:18:44.440Z",
    "name": "yes",
    "description": "",
    "voice_label": 21
  }
},
{
  "model": "service_development.voiceservicesubelement",
  "pk": 48,
  "fields": {
    "service": 3,
    "creation_date": "2018-05-18T13:52:08.589Z",
    "modification_date": "2018-05-18T13:53:37.390Z",
    "name": "no",
    "description": "",
    "voice_label": 22
  }
},
{
  "model": "service_development.voiceservicesubelement",
  "pk": 49,
  "fields": {
    "service": 3,
    "creation_date": "2018-05-18T13:53:24.391Z",
    "modification_date": "2018-05-18T13:53:24.391Z",
    "name": "Thank you and goodbye [U]",
    "description": "",
    "voice_label": 39
  }
},
{
  "model": "service_development.voiceservicesubelement",
  "pk": 51,
  "fields": {
    "service": 3,
    "creation_date": "2018-05-18T14:43:33.791Z",
    "modification_date": "2018-05-18T15:26:45.592Z",
    "name": "Vote duration correct? [U]",
    "description": "",
    "voice_label": 37
  }
},
{
  "model": "service_development.voiceservicesubelement",
  "pk": 52,
  "fields": {
    "service": 3,
    "creation_date": "2018-05-18T14:44:24.570Z",
    "modification_date": "2018-05-18T15:26:45.595Z",
    "name": "yes",
    "description": "",
    "voice_label": 21
  }
},
{
  "model": "service_development.voiceservicesubelement",
  "pk": 53,
  "fields": {
    "service": 3,
    "creation_date": "2018-05-18T14:44:24.572Z",
    "modification_date": "2018-05-18T15:19:20.711Z",
    "name": "no",
    "description": "",
    "voice_label": 22
  }
},
{
  "model": "service_development.voiceservicesubelement",
  "pk": 54,
  "fields": {
    "service": 3,
    "creation_date": "2018-05-18T15:17:49.116Z",
    "modification_date": "2018-05-18T15:18:23.399Z",
    "name": "New vote: duration? [U]",
    "description": "",
    "voice_label": 36
  }
},
{
  "model": "service_development.voiceservicesubelement",
  "pk": 55,
  "fields": {
    "service": 3,
    "creation_date": "2018-05-18T15:20:49.036Z",
    "modification_date": "2018-05-19T12:28:48.580Z",
    "name": "New vote: confirm created [U]",
    "description": "",
    "voice_label": 50
  }
},
{
  "model": "service_development.voiceservicesubelement",
  "pk": 56,
  "fields": {
    "service": 3,
    "creation_date": "2018-05-19T12:44:45.976Z",
    "modification_date": "2018-05-19T12:44:45.976Z",
    "name": "New vote: confirm created (simple) [U]",
    "description": "",
    "voice_label": 50
  }
},
{
  "model": "service_development.voiceservicesubelement",
  "pk": 57,
  "fields": {
    "service": 4,
    "creation_date": "2018-05-20T19:52:35.844Z",
    "modification_date": "2018-05-20T19:53:06.873Z",
    "name": "Random Number",
    "description": "Generates a random number",
    "voice_label": 45
  }
},
{
  "model": "service_development.voiceserviceelement",
  "pk": 34,
  "fields": {}
},
{
  "model": "service_development.voiceserviceelement",
  "pk": 35,
  "fields": {}
},
{
  "model": "service_development.voiceserviceelement",
  "pk": 36,
  "fields": {}
},
{
  "model": "service_development.voiceserviceelement",
  "pk": 37,
  "fields": {}
},
{
  "model": "service_development.voiceserviceelement",
  "pk": 40,
  "fields": {}
},
{
  "model": "service_development.voiceserviceelement",
  "pk": 41,
  "fields": {}
},
{
  "model": "service_development.voiceserviceelement",
  "pk": 44,
  "fields": {}
},
{
  "model": "service_development.voiceserviceelement",
  "pk": 45,
  "fields": {}
},
{
  "model": "service_development.voiceserviceelement",
  "pk": 46,
  "fields": {}
},
{
  "model": "service_development.voiceserviceelement",
  "pk": 49,
  "fields": {}
},
{
  "model": "service_development.voiceserviceelement",
  "pk": 51,
  "fields": {}
},
{
  "model": "service_development.voiceserviceelement",
  "pk": 54,
  "fields": {}
},
{
  "model": "service_development.voiceserviceelement",
  "pk": 55,
  "fields": {}
},
{
  "model": "service_development.voiceserviceelement",
  "pk": 56,
  "fields": {}
},
{
  "model": "service_development.voiceserviceelement",
  "pk": 57,
  "fields": {}
},
{
  "model": "service_development.voiceservice",
  "pk": 3,
  "fields": {
    "name": "BipVote Ultimate",
    "description": "The ultimate version of BipVote",
    "creation_date": "2018-05-18T09:08:35.313Z",
    "modification_date": "2018-05-18T09:12:12.287Z",
    "active": true,
    "_start_element": 35,
    "registration": "required",
    "registration_language": true,
    "registration_name": false,
    "supported_languages": [
      2,
      3
    ]
  }
},
{
  "model": "service_development.voiceservice",
  "pk": 4,
  "fields": {
    "name": "Number Generator",
    "description": "Renders random numbers",
    "creation_date": "2018-05-20T19:35:40.284Z",
    "modification_date": "2018-05-20T19:58:41.199Z",
    "active": true,
    "_start_element": 57,
    "registration": "disabled",
    "registration_language": false,
    "registration_name": false,
    "supported_languages": [
      2
    ]
  }
},
{
  "model": "service_development.kasadakauser",
  "pk": 1,
  "fields": {
    "caller_id": "0627490689",
    "first_name": "",
    "last_name": "",
    "creation_date": "2018-05-20T18:28:02.935Z",
    "modification_date": "2018-05-20T18:28:02.935Z",
    "language": 2,
    "service": 3
  }
},
{
  "model": "service_development.callsession",
  "pk": 1,
  "fields": {
    "start": "2018-05-20T18:08:20.574Z",
    "end": null,
    "user": null,
    "caller_id": null,
    "service": 3,
    "_language": null
  }
},
{
  "model": "service_development.callsession",
  "pk": 2,
  "fields": {
    "start": "2018-05-20T18:09:34.751Z",
    "end": null,
    "user": null,
    "caller_id": null,
    "service": 3,
    "_language": null
  }
},
{
  "model": "service_development.callsession",
  "pk": 3,
  "fields": {
    "start": "2018-05-20T18:09:48.794Z",
    "end": null,
    "user": null,
    "caller_id": null,
    "service": 3,
    "_language": null
  }
},
{
  "model": "service_development.callsession",
  "pk": 4,
  "fields": {
    "start": "2018-05-20T18:25:33.114Z",
    "end": null,
    "user": null,
    "caller_id": null,
    "service": 3,
    "_language": null
  }
},
{
  "model": "service_development.callsession",
  "pk": 5,
  "fields": {
    "start": "2018-05-20T18:26:10.116Z",
    "end": null,
    "user": null,
    "caller_id": "0627490689",
    "service": 3,
    "_language": null
  }
},
{
  "model": "service_development.callsession",
  "pk": 6,
  "fields": {
    "start": "2018-05-20T18:28:07.348Z",
    "end": "2018-05-20T18:29:48.665Z",
    "user": 1,
    "caller_id": "0627490689",
    "service": 3,
    "_language": 2
  }
},
{
  "model": "service_development.callsession",
  "pk": 7,
  "fields": {
    "start": "2018-05-20T19:53:48.825Z",
    "end": "2018-05-20T19:57:51.761Z",
    "user": null,
    "caller_id": null,
    "service": 4,
    "_language": null
  }
},
{
  "model": "service_development.callsession",
  "pk": 8,
  "fields": {
    "start": "2018-05-20T19:58:50.028Z",
    "end": "2018-05-20T20:23:32.619Z",
    "user": null,
    "caller_id": null,
    "service": 4,
    "_language": 2
  }
},
{
  "model": "service_development.callsessionstep",
  "pk": 1,
  "fields": {
    "time": "2018-05-20T18:28:08.316Z",
    "session": 6,
    "_visited_element": 35,
    "description": null
  }
},
{
  "model": "service_development.callsessionstep",
  "pk": 2,
  "fields": {
    "time": "2018-05-20T18:28:21.072Z",
    "session": 6,
    "_visited_element": 36,
    "description": null
  }
},
{
  "model": "service_development.callsessionstep",
  "pk": 3,
  "fields": {
    "time": "2018-05-20T18:28:27.546Z",
    "session": 6,
    "_visited_element": 40,
    "description": null
  }
},
{
  "model": "service_development.callsessionstep",
  "pk": 4,
  "fields": {
    "time": "2018-05-20T18:28:37.990Z",
    "session": 6,
    "_visited_element": 40,
    "description": null
  }
},
{
  "model": "service_development.callsessionstep",
  "pk": 5,
  "fields": {
    "time": "2018-05-20T18:28:49.936Z",
    "session": 6,
    "_visited_element": 46,
    "description": null
  }
},
{
  "model": "service_development.callsessionstep",
  "pk": 6,
  "fields": {
    "time": "2018-05-20T18:29:15.291Z",
    "session": 6,
    "_visited_element": 54,
    "description": null
  }
},
{
  "model": "service_development.callsessionstep",
  "pk": 7,
  "fields": {
    "time": "2018-05-20T18:29:49.044Z",
    "session": 6,
    "_visited_element": 40,
    "description": null
  }
},
{
  "model": "service_development.callsessionstep",
  "pk": 8,
  "fields": {
    "time": "2018-05-20T19:56:53.260Z",
    "session": 7,
    "_visited_element": null,
    "description": "Language selected, Nederlands"
  }
},
{
  "model": "service_development.callsessionstep",
  "pk": 9,
  "fields": {
    "time": "2018-05-20T19:57:46.001Z",
    "session": 7,
    "_visited_element": null,
    "description": "Language selected, Nederlands"
  }
},
{
  "model": "service_development.callsessionstep",
  "pk": 10,
  "fields": {
    "time": "2018-05-20T19:57:51.868Z",
    "session": 7,
    "_visited_element": null,
    "description": "Language selected, Nederlands"
  }
},
{
  "model": "service_development.callsessionstep",
  "pk": 11,
  "fields": {
    "time": "2018-05-20T19:58:51.066Z",
    "session": 8,
    "_visited_element": 57,
    "description": null
  }
},
{
  "model": "service_development.callsessionstep",
  "pk": 12,
  "fields": {
    "time": "2018-05-20T20:01:35.348Z",
    "session": 8,
    "_visited_element": 57,
    "description": null
  }
},
{
  "model": "service_development.callsessionstep",
  "pk": 13,
  "fields": {
    "time": "2018-05-20T20:02:09.074Z",
    "session": 8,
    "_visited_element": 57,
    "description": null
  }
},
{
  "model": "service_development.callsessionstep",
  "pk": 14,
  "fields": {
    "time": "2018-05-20T20:03:11.588Z",
    "session": 8,
    "_visited_element": 57,
    "description": null
  }
},
{
  "model": "service_development.callsessionstep",
  "pk": 15,
  "fields": {
    "time": "2018-05-20T20:08:23.620Z",
    "session": 8,
    "_visited_element": 57,
    "description": null
  }
},
{
  "model": "service_development.callsessionstep",
  "pk": 16,
  "fields": {
    "time": "2018-05-20T20:08:26.757Z",
    "session": 8,
    "_visited_element": 57,
    "description": null
  }
},
{
  "model": "service_development.callsessionstep",
  "pk": 17,
  "fields": {
    "time": "2018-05-20T20:09:44.215Z",
    "session": 8,
    "_visited_element": 57,
    "description": null
  }
},
{
  "model": "service_development.callsessionstep",
  "pk": 18,
  "fields": {
    "time": "2018-05-20T20:10:00.965Z",
    "session": 8,
    "_visited_element": 57,
    "description": null
  }
},
{
  "model": "service_development.callsessionstep",
  "pk": 19,
  "fields": {
    "time": "2018-05-20T20:10:38.874Z",
    "session": 8,
    "_visited_element": 57,
    "description": null
  }
},
{
  "model": "service_development.callsessionstep",
  "pk": 20,
  "fields": {
    "time": "2018-05-20T20:11:12.000Z",
    "session": 8,
    "_visited_element": 57,
    "description": null
  }
},
{
  "model": "service_development.callsessionstep",
  "pk": 21,
  "fields": {
    "time": "2018-05-20T20:12:36.926Z",
    "session": 8,
    "_visited_element": 57,
    "description": null
  }
},
{
  "model": "service_development.callsessionstep",
  "pk": 22,
  "fields": {
    "time": "2018-05-20T20:14:11.935Z",
    "session": 8,
    "_visited_element": 57,
    "description": null
  }
},
{
  "model": "service_development.callsessionstep",
  "pk": 23,
  "fields": {
    "time": "2018-05-20T20:14:48.394Z",
    "session": 8,
    "_visited_element": 57,
    "description": null
  }
},
{
  "model": "service_development.callsessionstep",
  "pk": 24,
  "fields": {
    "time": "2018-05-20T20:15:37.541Z",
    "session": 8,
    "_visited_element": 57,
    "description": null
  }
},
{
  "model": "service_development.callsessionstep",
  "pk": 25,
  "fields": {
    "time": "2018-05-20T20:17:45.999Z",
    "session": 8,
    "_visited_element": 57,
    "description": null
  }
},
{
  "model": "service_development.callsessionstep",
  "pk": 26,
  "fields": {
    "time": "2018-05-20T20:18:53.965Z",
    "session": 8,
    "_visited_element": 57,
    "description": null
  }
},
{
  "model": "service_development.callsessionstep",
  "pk": 27,
  "fields": {
    "time": "2018-05-20T20:19:09.904Z",
    "session": 8,
    "_visited_element": 57,
    "description": null
  }
},
{
  "model": "service_development.callsessionstep",
  "pk": 28,
  "fields": {
    "time": "2018-05-20T20:19:27.372Z",
    "session": 8,
    "_visited_element": 57,
    "description": null
  }
},
{
  "model": "service_development.callsessionstep",
  "pk": 29,
  "fields": {
    "time": "2018-05-20T20:19:59.167Z",
    "session": 8,
    "_visited_element": 57,
    "description": null
  }
},
{
  "model": "service_development.callsessionstep",
  "pk": 30,
  "fields": {
    "time": "2018-05-20T20:20:14.751Z",
    "session": 8,
    "_visited_element": 57,
    "description": null
  }
},
{
  "model": "service_development.callsessionstep",
  "pk": 31,
  "fields": {
    "time": "2018-05-20T20:20:45.632Z",
    "session": 8,
    "_visited_element": 57,
    "description": null
  }
},
{
  "model": "service_development.callsessionstep",
  "pk": 32,
  "fields": {
    "time": "2018-05-20T20:22:09.441Z",
    "session": 8,
    "_visited_element": 57,
    "description": null
  }
},
{
  "model": "service_development.callsessionstep",
  "pk": 33,
  "fields": {
    "time": "2018-05-20T20:22:39.087Z",
    "session": 8,
    "_visited_element": 57,
    "description": null
  }
},
{
  "model": "service_development.callsessionstep",
  "pk": 34,
  "fields": {
    "time": "2018-05-20T20:23:04.218Z",
    "session": 8,
    "_visited_element": 57,
    "description": null
  }
},
{
  "model": "service_development.callsessionstep",
  "pk": 35,
  "fields": {
    "time": "2018-05-20T20:23:10.050Z",
    "session": 8,
    "_visited_element": 57,
    "description": null
  }
},
{
  "model": "service_development.callsessionstep",
  "pk": 36,
  "fields": {
    "time": "2018-05-20T20:23:32.780Z",
    "session": 8,
    "_visited_element": 57,
    "description": null
  }
},
{
  "model": "service_development.choice",
  "pk": 37,
  "fields": {}
},
{
  "model": "service_development.choice",
  "pk": 41,
  "fields": {}
},
{
  "model": "service_development.choice",
  "pk": 46,
  "fields": {}
},
{
  "model": "service_development.choice",
  "pk": 51,
  "fields": {}
},
{
  "model": "service_development.choiceoption",
  "pk": 38,
  "fields": {
    "parent": 37,
    "_redirect": 40
  }
},
{
  "model": "service_development.choiceoption",
  "pk": 39,
  "fields": {
    "parent": 37,
    "_redirect": 41
  }
},
{
  "model": "service_development.choiceoption",
  "pk": 42,
  "fields": {
    "parent": 41,
    "_redirect": 44
  }
},
{
  "model": "service_development.choiceoption",
  "pk": 43,
  "fields": {
    "parent": 41,
    "_redirect": 36
  }
},
{
  "model": "service_development.choiceoption",
  "pk": 47,
  "fields": {
    "parent": 46,
    "_redirect": 54
  }
},
{
  "model": "service_development.choiceoption",
  "pk": 48,
  "fields": {
    "parent": 46,
    "_redirect": 49
  }
},
{
  "model": "service_development.choiceoption",
  "pk": 52,
  "fields": {
    "parent": 51,
    "_redirect": 34
  }
},
{
  "model": "service_development.choiceoption",
  "pk": 53,
  "fields": {
    "parent": 51,
    "_redirect": 54
  }
},
{
  "model": "service_development.messagepresentation",
  "pk": 34,
  "fields": {
    "final_element": false,
    "_redirect": 56
  }
},
{
  "model": "service_development.messagepresentation",
  "pk": 35,
  "fields": {
    "final_element": false,
    "_redirect": 36
  }
},
{
  "model": "service_development.messagepresentation",
  "pk": 36,
  "fields": {
    "final_element": false,
    "_redirect": 37
  }
},
{
  "model": "service_development.messagepresentation",
  "pk": 40,
  "fields": {
    "final_element": false,
    "_redirect": 36
  }
},
{
  "model": "service_development.messagepresentation",
  "pk": 44,
  "fields": {
    "final_element": false,
    "_redirect": 45
  }
},
{
  "model": "service_development.messagepresentation",
  "pk": 45,
  "fields": {
    "final_element": false,
    "_redirect": 46
  }
},
{
  "model": "service_development.messagepresentation",
  "pk": 49,
  "fields": {
    "final_element": true,
    "_redirect": null
  }
},
{
  "model": "service_development.messagepresentation",
  "pk": 54,
  "fields": {
    "final_element": false,
    "_redirect": 51
  }
},
{
  "model": "service_development.messagepresentation",
  "pk": 55,
  "fields": {
    "final_element": false,
    "_redirect": 49
  }
},
{
  "model": "service_development.messagepresentation",
  "pk": 56,
  "fields": {
    "final_element": false,
    "_redirect": 49
  }
},
{
  "model": "service_development.messagepresentation",
  "pk": 57,
  "fields": {
    "final_element": true,
    "_redirect": null
  }
},
{
  "model": "auth.permission",
  "pk": 1,
  "fields": {
    "name": "Can add poll",
    "content_type": 1,
    "codename": "add_poll"
  }
},
{
  "model": "auth.permission",
  "pk": 2,
  "fields": {
    "name": "Can change poll",
    "content_type": 1,
    "codename": "change_poll"
  }
},
{
  "model": "auth.permission",
  "pk": 3,
  "fields": {
    "name": "Can delete poll",
    "content_type": 1,
    "codename": "delete_poll"
  }
},
{
  "model": "auth.permission",
  "pk": 4,
  "fields": {
    "name": "Can add vote",
    "content_type": 2,
    "codename": "add_vote"
  }
},
{
  "model": "auth.permission",
  "pk": 5,
  "fields": {
    "name": "Can change vote",
    "content_type": 2,
    "codename": "change_vote"
  }
},
{
  "model": "auth.permission",
  "pk": 6,
  "fields": {
    "name": "Can delete vote",
    "content_type": 2,
    "codename": "delete_vote"
  }
},
{
  "model": "auth.permission",
  "pk": 7,
  "fields": {
    "name": "Can add vote option",
    "content_type": 3,
    "codename": "add_voteoption"
  }
},
{
  "model": "auth.permission",
  "pk": 8,
  "fields": {
    "name": "Can change vote option",
    "content_type": 3,
    "codename": "change_voteoption"
  }
},
{
  "model": "auth.permission",
  "pk": 9,
  "fields": {
    "name": "Can delete vote option",
    "content_type": 3,
    "codename": "delete_voteoption"
  }
},
{
  "model": "auth.permission",
  "pk": 10,
  "fields": {
    "name": "Can add poll duration presentation",
    "content_type": 4,
    "codename": "add_polldurationpresentation"
  }
},
{
  "model": "auth.permission",
  "pk": 11,
  "fields": {
    "name": "Can change poll duration presentation",
    "content_type": 4,
    "codename": "change_polldurationpresentation"
  }
},
{
  "model": "auth.permission",
  "pk": 12,
  "fields": {
    "name": "Can delete poll duration presentation",
    "content_type": 4,
    "codename": "delete_polldurationpresentation"
  }
},
{
  "model": "auth.permission",
  "pk": 13,
  "fields": {
    "name": "Can add poll results presentation",
    "content_type": 5,
    "codename": "add_pollresultspresentation"
  }
},
{
  "model": "auth.permission",
  "pk": 14,
  "fields": {
    "name": "Can change poll results presentation",
    "content_type": 5,
    "codename": "change_pollresultspresentation"
  }
},
{
  "model": "auth.permission",
  "pk": 15,
  "fields": {
    "name": "Can delete poll results presentation",
    "content_type": 5,
    "codename": "delete_pollresultspresentation"
  }
},
{
  "model": "auth.permission",
  "pk": 16,
  "fields": {
    "name": "Can add ask poll duration",
    "content_type": 6,
    "codename": "add_askpollduration"
  }
},
{
  "model": "auth.permission",
  "pk": 17,
  "fields": {
    "name": "Can change ask poll duration",
    "content_type": 6,
    "codename": "change_askpollduration"
  }
},
{
  "model": "auth.permission",
  "pk": 18,
  "fields": {
    "name": "Can delete ask poll duration",
    "content_type": 6,
    "codename": "delete_askpollduration"
  }
},
{
  "model": "auth.permission",
  "pk": 19,
  "fields": {
    "name": "Can add ask poll duration confirmation",
    "content_type": 7,
    "codename": "add_askpolldurationconfirmation"
  }
},
{
  "model": "auth.permission",
  "pk": 20,
  "fields": {
    "name": "Can change ask poll duration confirmation",
    "content_type": 7,
    "codename": "change_askpolldurationconfirmation"
  }
},
{
  "model": "auth.permission",
  "pk": 21,
  "fields": {
    "name": "Can delete ask poll duration confirmation",
    "content_type": 7,
    "codename": "delete_askpolldurationconfirmation"
  }
},
{
  "model": "auth.permission",
  "pk": 22,
  "fields": {
    "name": "Can add create poll",
    "content_type": 8,
    "codename": "add_createpoll"
  }
},
{
  "model": "auth.permission",
  "pk": 23,
  "fields": {
    "name": "Can change create poll",
    "content_type": 8,
    "codename": "change_createpoll"
  }
},
{
  "model": "auth.permission",
  "pk": 24,
  "fields": {
    "name": "Can delete create poll",
    "content_type": 8,
    "codename": "delete_createpoll"
  }
},
{
  "model": "auth.permission",
  "pk": 25,
  "fields": {
    "name": "Can add confirm poll creation",
    "content_type": 9,
    "codename": "add_confirmpollcreation"
  }
},
{
  "model": "auth.permission",
  "pk": 26,
  "fields": {
    "name": "Can change confirm poll creation",
    "content_type": 9,
    "codename": "change_confirmpollcreation"
  }
},
{
  "model": "auth.permission",
  "pk": 27,
  "fields": {
    "name": "Can delete confirm poll creation",
    "content_type": 9,
    "codename": "delete_confirmpollcreation"
  }
},
{
  "model": "auth.permission",
  "pk": 28,
  "fields": {
    "name": "Can add end poll",
    "content_type": 10,
    "codename": "add_endpoll"
  }
},
{
  "model": "auth.permission",
  "pk": 29,
  "fields": {
    "name": "Can change end poll",
    "content_type": 10,
    "codename": "change_endpoll"
  }
},
{
  "model": "auth.permission",
  "pk": 30,
  "fields": {
    "name": "Can delete end poll",
    "content_type": 10,
    "codename": "delete_endpoll"
  }
},
{
  "model": "auth.permission",
  "pk": 31,
  "fields": {
    "name": "Can add Voice Label",
    "content_type": 11,
    "codename": "add_voicelabel"
  }
},
{
  "model": "auth.permission",
  "pk": 32,
  "fields": {
    "name": "Can change Voice Label",
    "content_type": 11,
    "codename": "change_voicelabel"
  }
},
{
  "model": "auth.permission",
  "pk": 33,
  "fields": {
    "name": "Can delete Voice Label",
    "content_type": 11,
    "codename": "delete_voicelabel"
  }
},
{
  "model": "auth.permission",
  "pk": 34,
  "fields": {
    "name": "Can add Language",
    "content_type": 12,
    "codename": "add_language"
  }
},
{
  "model": "auth.permission",
  "pk": 35,
  "fields": {
    "name": "Can change Language",
    "content_type": 12,
    "codename": "change_language"
  }
},
{
  "model": "auth.permission",
  "pk": 36,
  "fields": {
    "name": "Can delete Language",
    "content_type": 12,
    "codename": "delete_language"
  }
},
{
  "model": "auth.permission",
  "pk": 37,
  "fields": {
    "name": "Can add Voice Fragment",
    "content_type": 13,
    "codename": "add_voicefragment"
  }
},
{
  "model": "auth.permission",
  "pk": 38,
  "fields": {
    "name": "Can change Voice Fragment",
    "content_type": 13,
    "codename": "change_voicefragment"
  }
},
{
  "model": "auth.permission",
  "pk": 39,
  "fields": {
    "name": "Can delete Voice Fragment",
    "content_type": 13,
    "codename": "delete_voicefragment"
  }
},
{
  "model": "auth.permission",
  "pk": 40,
  "fields": {
    "name": "Can add Voice Service Sub-Element",
    "content_type": 14,
    "codename": "add_voiceservicesubelement"
  }
},
{
  "model": "auth.permission",
  "pk": 41,
  "fields": {
    "name": "Can change Voice Service Sub-Element",
    "content_type": 14,
    "codename": "change_voiceservicesubelement"
  }
},
{
  "model": "auth.permission",
  "pk": 42,
  "fields": {
    "name": "Can delete Voice Service Sub-Element",
    "content_type": 14,
    "codename": "delete_voiceservicesubelement"
  }
},
{
  "model": "auth.permission",
  "pk": 43,
  "fields": {
    "name": "Can add Voice Service Element",
    "content_type": 15,
    "codename": "add_voiceserviceelement"
  }
},
{
  "model": "auth.permission",
  "pk": 44,
  "fields": {
    "name": "Can change Voice Service Element",
    "content_type": 15,
    "codename": "change_voiceserviceelement"
  }
},
{
  "model": "auth.permission",
  "pk": 45,
  "fields": {
    "name": "Can delete Voice Service Element",
    "content_type": 15,
    "codename": "delete_voiceserviceelement"
  }
},
{
  "model": "auth.permission",
  "pk": 46,
  "fields": {
    "name": "Can add Voice Service",
    "content_type": 16,
    "codename": "add_voiceservice"
  }
},
{
  "model": "auth.permission",
  "pk": 47,
  "fields": {
    "name": "Can change Voice Service",
    "content_type": 16,
    "codename": "change_voiceservice"
  }
},
{
  "model": "auth.permission",
  "pk": 48,
  "fields": {
    "name": "Can delete Voice Service",
    "content_type": 16,
    "codename": "delete_voiceservice"
  }
},
{
  "model": "auth.permission",
  "pk": 49,
  "fields": {
    "name": "Can add KasaDaka User",
    "content_type": 17,
    "codename": "add_kasadakauser"
  }
},
{
  "model": "auth.permission",
  "pk": 50,
  "fields": {
    "name": "Can change KasaDaka User",
    "content_type": 17,
    "codename": "change_kasadakauser"
  }
},
{
  "model": "auth.permission",
  "pk": 51,
  "fields": {
    "name": "Can delete KasaDaka User",
    "content_type": 17,
    "codename": "delete_kasadakauser"
  }
},
{
  "model": "auth.permission",
  "pk": 52,
  "fields": {
    "name": "Can add Call Session",
    "content_type": 18,
    "codename": "add_callsession"
  }
},
{
  "model": "auth.permission",
  "pk": 53,
  "fields": {
    "name": "Can change Call Session",
    "content_type": 18,
    "codename": "change_callsession"
  }
},
{
  "model": "auth.permission",
  "pk": 54,
  "fields": {
    "name": "Can delete Call Session",
    "content_type": 18,
    "codename": "delete_callsession"
  }
},
{
  "model": "auth.permission",
  "pk": 55,
  "fields": {
    "name": "Can add Call Session Step",
    "content_type": 19,
    "codename": "add_callsessionstep"
  }
},
{
  "model": "auth.permission",
  "pk": 56,
  "fields": {
    "name": "Can change Call Session Step",
    "content_type": 19,
    "codename": "change_callsessionstep"
  }
},
{
  "model": "auth.permission",
  "pk": 57,
  "fields": {
    "name": "Can delete Call Session Step",
    "content_type": 19,
    "codename": "delete_callsessionstep"
  }
},
{
  "model": "auth.permission",
  "pk": 58,
  "fields": {
    "name": "Can add Choice Element",
    "content_type": 20,
    "codename": "add_choice"
  }
},
{
  "model": "auth.permission",
  "pk": 59,
  "fields": {
    "name": "Can change Choice Element",
    "content_type": 20,
    "codename": "change_choice"
  }
},
{
  "model": "auth.permission",
  "pk": 60,
  "fields": {
    "name": "Can delete Choice Element",
    "content_type": 20,
    "codename": "delete_choice"
  }
},
{
  "model": "auth.permission",
  "pk": 61,
  "fields": {
    "name": "Can add Voice Service",
    "content_type": 21,
    "codename": "add_choiceoption"
  }
},
{
  "model": "auth.permission",
  "pk": 62,
  "fields": {
    "name": "Can change Voice Service",
    "content_type": 21,
    "codename": "change_choiceoption"
  }
},
{
  "model": "auth.permission",
  "pk": 63,
  "fields": {
    "name": "Can delete Voice Service",
    "content_type": 21,
    "codename": "delete_choiceoption"
  }
},
{
  "model": "auth.permission",
  "pk": 64,
  "fields": {
    "name": "Can add Message Presentation Element",
    "content_type": 22,
    "codename": "add_messagepresentation"
  }
},
{
  "model": "auth.permission",
  "pk": 65,
  "fields": {
    "name": "Can change Message Presentation Element",
    "content_type": 22,
    "codename": "change_messagepresentation"
  }
},
{
  "model": "auth.permission",
  "pk": 66,
  "fields": {
    "name": "Can delete Message Presentation Element",
    "content_type": 22,
    "codename": "delete_messagepresentation"
  }
},
{
  "model": "auth.permission",
  "pk": 67,
  "fields": {
    "name": "Can add User Input Category",
    "content_type": 23,
    "codename": "add_userinputcategory"
  }
},
{
  "model": "auth.permission",
  "pk": 68,
  "fields": {
    "name": "Can change User Input Category",
    "content_type": 23,
    "codename": "change_userinputcategory"
  }
},
{
  "model": "auth.permission",
  "pk": 69,
  "fields": {
    "name": "Can delete User Input Category",
    "content_type": 23,
    "codename": "delete_userinputcategory"
  }
},
{
  "model": "auth.permission",
  "pk": 70,
  "fields": {
    "name": "Can add Spoken User Input",
    "content_type": 24,
    "codename": "add_spokenuserinput"
  }
},
{
  "model": "auth.permission",
  "pk": 71,
  "fields": {
    "name": "Can change Spoken User Input",
    "content_type": 24,
    "codename": "change_spokenuserinput"
  }
},
{
  "model": "auth.permission",
  "pk": 72,
  "fields": {
    "name": "Can delete Spoken User Input",
    "content_type": 24,
    "codename": "delete_spokenuserinput"
  }
},
{
  "model": "auth.permission",
  "pk": 73,
  "fields": {
    "name": "Can add Spoken Input Element",
    "content_type": 25,
    "codename": "add_record"
  }
},
{
  "model": "auth.permission",
  "pk": 74,
  "fields": {
    "name": "Can change Spoken Input Element",
    "content_type": 25,
    "codename": "change_record"
  }
},
{
  "model": "auth.permission",
  "pk": 75,
  "fields": {
    "name": "Can delete Spoken Input Element",
    "content_type": 25,
    "codename": "delete_record"
  }
},
{
  "model": "auth.permission",
  "pk": 76,
  "fields": {
    "name": "Can add log entry",
    "content_type": 26,
    "codename": "add_logentry"
  }
},
{
  "model": "auth.permission",
  "pk": 77,
  "fields": {
    "name": "Can change log entry",
    "content_type": 26,
    "codename": "change_logentry"
  }
},
{
  "model": "auth.permission",
  "pk": 78,
  "fields": {
    "name": "Can delete log entry",
    "content_type": 26,
    "codename": "delete_logentry"
  }
},
{
  "model": "auth.permission",
  "pk": 79,
  "fields": {
    "name": "Can add permission",
    "content_type": 27,
    "codename": "add_permission"
  }
},
{
  "model": "auth.permission",
  "pk": 80,
  "fields": {
    "name": "Can change permission",
    "content_type": 27,
    "codename": "change_permission"
  }
},
{
  "model": "auth.permission",
  "pk": 81,
  "fields": {
    "name": "Can delete permission",
    "content_type": 27,
    "codename": "delete_permission"
  }
},
{
  "model": "auth.permission",
  "pk": 82,
  "fields": {
    "name": "Can add group",
    "content_type": 28,
    "codename": "add_group"
  }
},
{
  "model": "auth.permission",
  "pk": 83,
  "fields": {
    "name": "Can change group",
    "content_type": 28,
    "codename": "change_group"
  }
},
{
  "model": "auth.permission",
  "pk": 84,
  "fields": {
    "name": "Can delete group",
    "content_type": 28,
    "codename": "delete_group"
  }
},
{
  "model": "auth.permission",
  "pk": 85,
  "fields": {
    "name": "Can add user",
    "content_type": 29,
    "codename": "add_user"
  }
},
{
  "model": "auth.permission",
  "pk": 86,
  "fields": {
    "name": "Can change user",
    "content_type": 29,
    "codename": "change_user"
  }
},
{
  "model": "auth.permission",
  "pk": 87,
  "fields": {
    "name": "Can delete user",
    "content_type": 29,
    "codename": "delete_user"
  }
},
{
  "model": "auth.permission",
  "pk": 88,
  "fields": {
    "name": "Can add content type",
    "content_type": 30,
    "codename": "add_contenttype"
  }
},
{
  "model": "auth.permission",
  "pk": 89,
  "fields": {
    "name": "Can change content type",
    "content_type": 30,
    "codename": "change_contenttype"
  }
},
{
  "model": "auth.permission",
  "pk": 90,
  "fields": {
    "name": "Can delete content type",
    "content_type": 30,
    "codename": "delete_contenttype"
  }
},
{
  "model": "auth.permission",
  "pk": 91,
  "fields": {
    "name": "Can add session",
    "content_type": 31,
    "codename": "add_session"
  }
},
{
  "model": "auth.permission",
  "pk": 92,
  "fields": {
    "name": "Can change session",
    "content_type": 31,
    "codename": "change_session"
  }
},
{
  "model": "auth.permission",
  "pk": 93,
  "fields": {
    "name": "Can delete session",
    "content_type": 31,
    "codename": "delete_session"
  }
},
{
  "model": "auth.permission",
  "pk": 94,
  "fields": {
    "name": "Can add number presentation",
    "content_type": 32,
    "codename": "add_numberpresentation"
  }
},
{
  "model": "auth.permission",
  "pk": 95,
  "fields": {
    "name": "Can change number presentation",
    "content_type": 32,
    "codename": "change_numberpresentation"
  }
},
{
  "model": "auth.permission",
  "pk": 96,
  "fields": {
    "name": "Can delete number presentation",
    "content_type": 32,
    "codename": "delete_numberpresentation"
  }
},
{
  "model": "auth.group",
  "pk": 1,
  "fields": {
    "name": "Operator",
    "permissions": [
      1,
      2,
      7
    ]
  }
},
{
  "model": "auth.user",
  "pk": 1,
  "fields": {
    "password": "pbkdf2_sha256$100000$EgoEzOV4nb6G$tWjy6+ZXCfitScecvACuK5RE75OnK7dqboribilXGu4=",
    "last_login": "2018-05-20T18:07:01.392Z",
    "is_superuser": true,
    "username": "admin",
    "first_name": "",
    "last_name": "",
    "email": "admin@example.net",
    "is_staff": true,
    "is_active": true,
    "date_joined": "2018-05-20T18:04:17.809Z",
    "groups": [],
    "user_permissions": []
  }
},
{
  "model": "sessions.session",
  "pk": "n7yvjfau0o0cx96pet09zg3d2tprsg0t",
  "fields": {
    "session_data": "MGFhNWJhMTA1MWYxMjUxMjUxMmM1OTUwMDE1MmViMzZjMGZlYzNmMTp7Il9hdXRoX3VzZXJfaWQiOiIxIiwiX2F1dGhfdXNlcl9iYWNrZW5kIjoiZGphbmdvLmNvbnRyaWIuYXV0aC5iYWNrZW5kcy5Nb2RlbEJhY2tlbmQiLCJfYXV0aF91c2VyX2hhc2giOiJjMmNkNzdmYzMzMTBhYjFiOThkYzE4YWMzMjVhMjZiNjc0OGQ4ZWIxIn0=",
    "expire_date": "2018-06-03T18:07:01.491Z"
  }
},
{
  "model": "admin.logentry",
  "pk": 1,
  "fields": {
    "action_time": "2018-05-20T18:07:56.523Z",
    "user": 1,
    "content_type": 28,
    "object_id": "1",
    "object_repr": "Operator",
    "action_flag": 1,
    "change_message": "[{\"added\": {}}]"
  }
},
{
  "model": "admin.logentry",
  "pk": 2,
  "fields": {
    "action_time": "2018-05-20T18:16:54.979Z",
    "user": 1,
    "content_type": 12,
    "object_id": "4",
    "object_repr": "Bambara (bm)",
    "action_flag": 1,
    "change_message": "[{\"added\": {}}]"
  }
},
{
  "model": "admin.logentry",
  "pk": 3,
  "fields": {
    "action_time": "2018-05-20T18:17:09.595Z",
    "user": 1,
    "content_type": 11,
    "object_id": "51",
    "object_repr": "Voice Label: Bambara Language",
    "action_flag": 1,
    "change_message": "[{\"added\": {}}]"
  }
},
{
  "model": "admin.logentry",
  "pk": 4,
  "fields": {
    "action_time": "2018-05-20T18:17:23.768Z",
    "user": 1,
    "content_type": 12,
    "object_id": "4",
    "object_repr": "Bambara (bm)",
    "action_flag": 2,
    "change_message": "[{\"changed\": {\"fields\": [\"voice_label\"]}}]"
  }
},
{
  "model": "admin.logentry",
  "pk": 5,
  "fields": {
    "action_time": "2018-05-20T18:28:02.936Z",
    "user": 1,
    "content_type": 17,
    "object_id": "1",
    "object_repr": "0627490689",
    "action_flag": 1,
    "change_message": "[{\"added\": {}}]"
  }
},
{
  "model": "admin.logentry",
  "pk": 6,
  "fields": {
    "action_time": "2018-05-20T18:37:34.980Z",
    "user": 1,
    "content_type": 11,
    "object_id": "52",
    "object_repr": "Voice Label: Eleven",
    "action_flag": 1,
    "change_message": "[{\"added\": {}}]"
  }
},
{
  "model": "admin.logentry",
  "pk": 7,
  "fields": {
    "action_time": "2018-05-20T18:37:42.721Z",
    "user": 1,
    "content_type": 11,
    "object_id": "53",
    "object_repr": "Voice Label: Twelve",
    "action_flag": 1,
    "change_message": "[{\"added\": {}}]"
  }
},
{
  "model": "admin.logentry",
  "pk": 8,
  "fields": {
    "action_time": "2018-05-20T18:37:49.100Z",
    "user": 1,
    "content_type": 11,
    "object_id": "54",
    "object_repr": "Voice Label: Thirteen",
    "action_flag": 1,
    "change_message": "[{\"added\": {}}]"
  }
},
{
  "model": "admin.logentry",
  "pk": 9,
  "fields": {
    "action_time": "2018-05-20T18:37:55.272Z",
    "user": 1,
    "content_type": 11,
    "object_id": "55",
    "object_repr": "Voice Label: Fourteen",
    "action_flag": 1,
    "change_message": "[{\"added\": {}}]"
  }
},
{
  "model": "admin.logentry",
  "pk": 10,
  "fields": {
    "action_time": "2018-05-20T18:38:02.304Z",
    "user": 1,
    "content_type": 11,
    "object_id": "56",
    "object_repr": "Voice Label: Fifteen",
    "action_flag": 1,
    "change_message": "[{\"added\": {}}]"
  }
},
{
  "model": "admin.logentry",
  "pk": 11,
  "fields": {
    "action_time": "2018-05-20T18:38:08.824Z",
    "user": 1,
    "content_type": 11,
    "object_id": "57",
    "object_repr": "Voice Label: Sixteen",
    "action_flag": 1,
    "change_message": "[{\"added\": {}}]"
  }
},
{
  "model": "admin.logentry",
  "pk": 12,
  "fields": {
    "action_time": "2018-05-20T18:38:15.379Z",
    "user": 1,
    "content_type": 11,
    "object_id": "58",
    "object_repr": "Voice Label: Seventeen",
    "action_flag": 1,
    "change_message": "[{\"added\": {}}]"
  }
},
{
  "model": "admin.logentry",
  "pk": 13,
  "fields": {
    "action_time": "2018-05-20T18:38:22.555Z",
    "user": 1,
    "content_type": 11,
    "object_id": "59",
    "object_repr": "Voice Label: Eighteen",
    "action_flag": 1,
    "change_message": "[{\"added\": {}}]"
  }
},
{
  "model": "admin.logentry",
  "pk": 14,
  "fields": {
    "action_time": "2018-05-20T18:38:28.721Z",
    "user": 1,
    "content_type": 11,
    "object_id": "60",
    "object_repr": "Voice Label: Nineteen",
    "action_flag": 1,
    "change_message": "[{\"added\": {}}]"
  }
},
{
  "model": "admin.logentry",
  "pk": 15,
  "fields": {
    "action_time": "2018-05-20T18:38:37.978Z",
    "user": 1,
    "content_type": 11,
    "object_id": "61",
    "object_repr": "Voice Label: Twenty",
    "action_flag": 1,
    "change_message": "[{\"added\": {}}]"
  }
},
{
  "model": "admin.logentry",
  "pk": 16,
  "fields": {
    "action_time": "2018-05-20T18:38:43.938Z",
    "user": 1,
    "content_type": 11,
    "object_id": "62",
    "object_repr": "Voice Label: Thirty",
    "action_flag": 1,
    "change_message": "[{\"added\": {}}]"
  }
},
{
  "model": "admin.logentry",
  "pk": 17,
  "fields": {
    "action_time": "2018-05-20T18:38:49.716Z",
    "user": 1,
    "content_type": 11,
    "object_id": "63",
    "object_repr": "Voice Label: Forty",
    "action_flag": 1,
    "change_message": "[{\"added\": {}}]"
  }
},
{
  "model": "admin.logentry",
  "pk": 18,
  "fields": {
    "action_time": "2018-05-20T18:38:55.220Z",
    "user": 1,
    "content_type": 11,
    "object_id": "64",
    "object_repr": "Voice Label: Fifty",
    "action_flag": 1,
    "change_message": "[{\"added\": {}}]"
  }
},
{
  "model": "admin.logentry",
  "pk": 19,
  "fields": {
    "action_time": "2018-05-20T18:39:01.106Z",
    "user": 1,
    "content_type": 11,
    "object_id": "65",
    "object_repr": "Voice Label: Sixty",
    "action_flag": 1,
    "change_message": "[{\"added\": {}}]"
  }
},
{
  "model": "admin.logentry",
  "pk": 20,
  "fields": {
    "action_time": "2018-05-20T18:39:07.818Z",
    "user": 1,
    "content_type": 11,
    "object_id": "66",
    "object_repr": "Voice Label: Seventy",
    "action_flag": 1,
    "change_message": "[{\"added\": {}}]"
  }
},
{
  "model": "admin.logentry",
  "pk": 21,
  "fields": {
    "action_time": "2018-05-20T18:39:13.617Z",
    "user": 1,
    "content_type": 11,
    "object_id": "67",
    "object_repr": "Voice Label: Eighty",
    "action_flag": 1,
    "change_message": "[{\"added\": {}}]"
  }
},
{
  "model": "admin.logentry",
  "pk": 22,
  "fields": {
    "action_time": "2018-05-20T18:39:21.093Z",
    "user": 1,
    "content_type": 11,
    "object_id": "68",
    "object_repr": "Voice Label: Ninety",
    "action_flag": 1,
    "change_message": "[{\"added\": {}}]"
  }
},
{
  "model": "admin.logentry",
  "pk": 23,
  "fields": {
    "action_time": "2018-05-20T18:39:27.676Z",
    "user": 1,
    "content_type": 11,
    "object_id": "69",
    "object_repr": "Voice Label: Hundred",
    "action_flag": 1,
    "change_message": "[{\"added\": {}}]"
  }
},
{
  "model": "admin.logentry",
  "pk": 24,
  "fields": {
    "action_time": "2018-05-20T18:39:34.250Z",
    "user": 1,
    "content_type": 11,
    "object_id": "70",
    "object_repr": "Voice Label: Thousand",
    "action_flag": 1,
    "change_message": "[{\"added\": {}}]"
  }
},
{
  "model": "admin.logentry",
  "pk": 25,
  "fields": {
    "action_time": "2018-05-20T18:39:44.997Z",
    "user": 1,
    "content_type": 11,
    "object_id": "71",
    "object_repr": "Voice Label: And (number)",
    "action_flag": 1,
    "change_message": "[{\"added\": {}}]"
  }
},
{
  "model": "admin.logentry",
  "pk": 26,
  "fields": {
    "action_time": "2018-05-20T18:39:53.817Z",
    "user": 1,
    "content_type": 11,
    "object_id": "72",
    "object_repr": "Voice Label: Comma (number)",
    "action_flag": 1,
    "change_message": "[{\"added\": {}}]"
  }
},
{
  "model": "admin.logentry",
  "pk": 27,
  "fields": {
    "action_time": "2018-05-20T18:40:18.523Z",
    "user": 1,
    "content_type": 11,
    "object_id": "73",
    "object_repr": "Voice Label: Hundred (multi)",
    "action_flag": 1,
    "change_message": "[{\"added\": {}}]"
  }
},
{
  "model": "admin.logentry",
  "pk": 28,
  "fields": {
    "action_time": "2018-05-20T18:40:50.871Z",
    "user": 1,
    "content_type": 11,
    "object_id": "73",
    "object_repr": "Voice Label: Hundreds",
    "action_flag": 2,
    "change_message": "[{\"changed\": {\"fields\": [\"name\"]}}]"
  }
},
{
  "model": "admin.logentry",
  "pk": 29,
  "fields": {
    "action_time": "2018-05-20T18:40:55.218Z",
    "user": 1,
    "content_type": 11,
    "object_id": "74",
    "object_repr": "Voice Label: Tens",
    "action_flag": 1,
    "change_message": "[{\"added\": {}}]"
  }
},
{
  "model": "admin.logentry",
  "pk": 30,
  "fields": {
    "action_time": "2018-05-20T18:41:01.404Z",
    "user": 1,
    "content_type": 11,
    "object_id": "75",
    "object_repr": "Voice Label: Thousands",
    "action_flag": 1,
    "change_message": "[{\"added\": {}}]"
  }
},
{
  "model": "admin.logentry",
  "pk": 31,
  "fields": {
    "action_time": "2018-05-20T19:07:59.148Z",
    "user": 1,
    "content_type": 11,
    "object_id": "76",
    "object_repr": "Voice Label: Ten",
    "action_flag": 1,
    "change_message": "[{\"added\": {}}]"
  }
},
{
  "model": "admin.logentry",
  "pk": 32,
  "fields": {
    "action_time": "2018-05-20T19:11:15.556Z",
    "user": 1,
    "content_type": 12,
    "object_id": "4",
    "object_repr": "Bambara (bm)",
    "action_flag": 2,
    "change_message": "[{\"changed\": {\"fields\": [\"ten\", \"twenty\", \"hundred\", \"thousand\", \"andsep\", \"tens\", \"hundreds\", \"thousands\"]}}]"
  }
},
{
  "model": "admin.logentry",
  "pk": 33,
  "fields": {
    "action_time": "2018-05-20T19:13:10.957Z",
    "user": 1,
    "content_type": 12,
    "object_id": "3",
    "object_repr": "Francais (fr)",
    "action_flag": 2,
    "change_message": "[{\"changed\": {\"fields\": [\"ten\", \"eleven\", \"twelve\", \"thirteen\", \"fourteen\", \"fifteen\", \"sixteen\", \"twenty\", \"thirty\", \"fourty\", \"fifty\", \"sixty\", \"eighty\", \"hundred\", \"thousand\", \"andsep\", \"commasep\", \"hundreds\"]}}]"
  }
},
{
  "model": "admin.logentry",
  "pk": 34,
  "fields": {
    "action_time": "2018-05-20T19:14:28.356Z",
    "user": 1,
    "content_type": 12,
    "object_id": "2",
    "object_repr": "English (en)",
    "action_flag": 2,
    "change_message": "[{\"changed\": {\"fields\": [\"ten\", \"eleven\", \"twelve\", \"thirteen\", \"fourteen\", \"fifteen\", \"sixteen\", \"seventeen\", \"eighteen\", \"nineteen\", \"twenty\", \"thirty\", \"fourty\", \"fifty\", \"sixty\", \"seventy\", \"eighty\", \"ninety\", \"hundred\", \"thousand\", \"andsep\", \"commasep\"]}}]"
  }
},
{
  "model": "admin.logentry",
  "pk": 35,
  "fields": {
    "action_time": "2018-05-20T19:35:40.287Z",
    "user": 1,
    "content_type": 16,
    "object_id": "4",
    "object_repr": "Voice Service: Number Repeater",
    "action_flag": 1,
    "change_message": "[{\"added\": {}}]"
  }
},
{
  "model": "admin.logentry",
  "pk": 36,
  "fields": {
    "action_time": "2018-05-20T19:52:06.102Z",
    "user": 1,
    "content_type": 16,
    "object_id": "4",
    "object_repr": "Voice Service: Number Generator",
    "action_flag": 2,
    "change_message": "[{\"changed\": {\"fields\": [\"name\"]}}]"
  }
},
{
  "model": "admin.logentry",
  "pk": 37,
  "fields": {
    "action_time": "2018-05-20T19:52:35.847Z",
    "user": 1,
    "content_type": 32,
    "object_id": "57",
    "object_repr": "Message: Random Number",
    "action_flag": 1,
    "change_message": "[{\"added\": {}}]"
  }
},
{
  "model": "admin.logentry",
  "pk": 38,
  "fields": {
    "action_time": "2018-05-20T19:53:06.878Z",
    "user": 1,
    "content_type": 32,
    "object_id": "57",
    "object_repr": "Message: Random Number",
    "action_flag": 2,
    "change_message": "[{\"changed\": {\"fields\": [\"voice_label\"]}}]"
  }
},
{
  "model": "admin.logentry",
  "pk": 39,
  "fields": {
    "action_time": "2018-05-20T19:53:42.686Z",
    "user": 1,
    "content_type": 16,
    "object_id": "4",
    "object_repr": "Voice Service: Number Generator",
    "action_flag": 2,
    "change_message": "[{\"changed\": {\"fields\": [\"_start_element\"]}}]"
  }
},
{
  "model": "admin.logentry",
  "pk": 40,
  "fields": {
    "action_time": "2018-05-20T19:58:41.205Z",
    "user": 1,
    "content_type": 16,
    "object_id": "4",
    "object_repr": "Voice Service: Number Generator",
    "action_flag": 2,
    "change_message": "[{\"changed\": {\"fields\": [\"supported_languages\", \"registration_language\"]}}]"
  }
}
]
